{"cameraMode":{"drawMode":0,"name":"Shaded","section":"Shading Mode"},"sceneLighting":true,"audioPlay":false,"sceneViewState":{"m_AlwaysRefresh":false,"showFog":true,"showSkybox":true,"showFlares":true,"showImageEffects":true,"showParticleSystems":true,"showVisualEffectGraphs":true,"m_FxEnabled":true},"in2DMode":false,"pivot":{"x":161.33160400390626,"y":376.7580261230469,"z":1008.0938110351563},"rotation":{"x":0.1375553011894226,"y":-0.010100910440087319,"z":0.0014029117301106454,"w":0.9904417991638184},"size":1326.21826171875,"orthographic":false}