{"cameraMode":{"drawMode":0,"name":"Shaded","section":"Shading Mode"},"sceneLighting":true,"audioPlay":false,"sceneViewState":{"m_AlwaysRefresh":false,"showFog":true,"showSkybox":true,"showFlares":true,"showImageEffects":true,"showParticleSystems":true,"showVisualEffectGraphs":true,"m_FxEnabled":true},"in2DMode":false,"pivot":{"x":-3.5239691734313967,"y":-0.08251804113388062,"z":-3.8612961769104006},"rotation":{"x":0.09674925357103348,"y":-0.7655531167984009,"z":0.11852257698774338,"w":0.6249169707298279},"size":39.70500183105469,"orthographic":false}